URL,Último rastreo
https://www.innovakidslatam.com/co/metodologia-aprender-creando,2026-02-16
https://www.innovakidslatam.com/co/resultados,2026-02-16
https://www.innovakidslatam.com/co/programa,2026-02-16
https://www.innovakidslatam.com/blog/curso-estudio-ia-tutor-personalizado,2026-01-03
https://www.innovakidslatam.com/reserva-mi-clase-y-reunión-explicativa-gratis/clase-gratuita-y-reunión-informativa-hora-chile,2025-12-22
https://www.innovakidslatam.com/información,2025-12-12
https://www.innovakidslatam.com/&,2025-11-28
https://www.innovakidslatam.com/información/qué-aprenderán-los-niños,2025-11-21
https://www.innovakidslatam.com/información/herramientas-que-utilizarán,2025-11-16
https://www.innovakidslatam.com/información/formato,2025-11-14
https://www.innovakidslatam.com/blog/chatgpt-para-ninos-guia-padres,2025-11-07
https://www.innovakidslatam.com/blog/beneficios-ia-educacion-infantil,2025-11-05
https://www.innovakidslatam.com/blog/proyectos-ia-ninos-principiantes,2025-11-05
https://www.innovakidslatam.com/blog/futuro-trabajo-ia-preparar-hijos,2025-11-05
https://www.innovakidslatam.com/información-próximo-curso-online-últimos-cupos,2025-10-24
https://www.innovakidslatam.com/reserva-mi-clase-gratis,2025-10-24
https://www.innovakidslatam.com/el-primer-paso-hacia-el-futuro/reunión-informativa,2025-10-21
https://www.innovakidslatam.com/información-próximo-curso-online-últimos-cupos-hora-de-chile-la-reserva/clase-gratuita-y-reunión-informativa-hora-chile,2025-10-18
https://www.innovakidslatam.com/información-próximo-curso-online-últimos-cupos-hora-de-chile-la-reserva,2025-10-16
https://www.innovakidslatam.com/información-próximo-curso-online-últimos-cupos/clase-gratuita-y-reunión-informativa-hora-chile,2025-10-09
https://www.innovakidslatam.com/agenda-ahora-clase-gratis-últimos-cupos/clase-gratuita-y-reunión-informativa-hora-chile,2025-09-29
https://www.innovakidslatam.com/agenda-ahora-clase-gratis-últimos-cupos,2025-09-28
https://www.innovakidslatam.com/agenda-ahora-reunión-gratis-últimos-cupos/clase-gratuita-y-reunión-informativa-hora-chile,2025-09-27
https://www.innovakidslatam.com/información-próximo-curso-online-últimos-cupos/clase-gratuita-y-reunión-informativa,2025-09-22
https://www.innovakidslatam.com/el-primer-paso-hacia-el-futuro/reunión-clase-gratuita,2025-09-22
https://www.innovakidslatam.com/el-primer-paso-hacia-el-futuro,2025-09-21